username,email,batch_no,linkedin_url
anthonyalexander,darlene67@example.com,6115,http://clayton.com/
matthewnorton,jeromewright@example.com,3036,http://www.hawkins.com/
perezrobert,dmack@example.net,603,http://www.sullivan.com/
vconrad,jonesandrew@example.com,1938,
ingramcody,lray@example.net,2535,
middletonhenry,byrdedward@example.net,2958,http://www.padilla.org/
mitchell63,qbaker@example.com,6316,https://welch-kim.com/
smithrichard,kstrickland@example.net,2392,
aguirrebailey,ericmitchell@example.com,142,http://smith.org/
jessicasmith,ostewart@example.com,3882,
matthew76,tbell@example.com,7346,http://www.watts.com/
youngdonna,smithcheryl@example.net,4625,
garrett26,mitchelljeffrey@example.net,3078,http://thornton.com/
marshallkristen,oreed@example.com,7383,http://nelson.com/
jenny08,zwilliams@example.org,1584,
pgarcia,vanessa14@example.net,3868,
ycarpenter,marklewis@example.org,7455,
jonesadrian,dhopkins@example.com,9261,
wagnerdavid,ukirby@example.org,2542,
rcox,joseph95@example.net,9312,
scott22,sheryl62@example.com,1976,
currycolin,xpatton@example.com,2694,
ocook,stephenellison@example.org,1529,http://kemp.com/
jwilliams,reyescory@example.org,6968,
andrew68,rodriguezlaura@example.com,5685,
eroberts,hancockclayton@example.net,8472,
flopez,pricenicole@example.net,6027,https://chan-cochran.com/
christopher81,wrightmelanie@example.com,4987,https://www.thomas.org/
randall83,ryanbush@example.net,6531,https://haynes-howard.com/
gyoung,theresa66@example.org,6672,http://hood-potter.com/
ryankhan,victoria07@example.org,7962,
ronaldpowell,dknight@example.com,5910,https://www.salinas.com/
timothyochoa,johnbarker@example.org,9229,
mcclainchristopher,christopher23@example.net,279,http://www.molina.com/
daniellejones,michealwilson@example.net,2656,
jessica55,ydavis@example.org,3889,https://myers-haney.com/
jasminrodriguez,joseph93@example.com,5850,
phillip37,susanbartlett@example.net,426,http://www.oconnor.com/
jacobrobinson,qwest@example.com,3480,http://rangel.net/
kimberly89,shawn71@example.net,5190,
beverlycooper,ncarey@example.com,7380,
jaredcollins,loganbradford@example.net,6552,https://www.parks.com/
brookehurst,sharonfuller@example.org,2402,
xroth,steve29@example.net,4713,
robin13,andrerussell@example.net,7151,
jasonbell,laurensmith@example.org,303,https://mcguire-bailey.com/
psmith,zclark@example.org,9722,https://www.harris-rice.biz/
amber95,plowe@example.net,1908,
whitebryan,oevans@example.com,7784,
ashleyferguson,bonniecook@example.org,9952,https://white.org/
kirkmanning,jacob46@example.org,3912,
tcastro,hendrixemily@example.net,7057,
npage,harrismatthew@example.org,6823,
edward08,sharijohnson@example.com,8687,https://lopez.com/
smithheather,williamjames@example.org,6631,
wilsonrobert,tammy99@example.net,7009,
lesliegonzalez,wmurphy@example.com,4708,
goldenedward,bethlane@example.com,8384,
ibarrajennifer,wileychelsea@example.net,7834,
brandonhanna,harrisryan@example.org,438,
lduffy,philip60@example.com,885,https://www.lopez.com/
cindywilliams,reeveschristopher@example.net,633,http://cochran.biz/
whart,evelyn60@example.org,4242,
abautista,ravenbarrett@example.net,6699,
grantkenneth,aliciawhitaker@example.net,6908,http://www.chavez-clark.com/
brian14,susancarroll@example.net,3009,
austin27,haleyrice@example.com,4310,
emily14,victoriaibarra@example.net,3195,
tammybutler,marc34@example.net,6313,
elizabeth44,kevin69@example.net,6586,
harrisandrew,rwright@example.org,9447,http://barton.com/
john69,vchavez@example.net,6986,
xjordan,jsummers@example.com,2009,http://davis.com/
howard74,ryan42@example.com,2397,http://tanner.com/
johnsoncraig,gilbertjames@example.net,7335,https://www.mullins-wilson.com/
michael64,erikhubbard@example.org,5686,
daniel06,bthompson@example.com,518,
haleyperry,gbradford@example.org,2493,
laura30,dawn90@example.com,7884,http://richardson-rivers.com/
tracey71,ncantu@example.org,935,http://www.sanchez.info/
qgonzalez,smithjeffery@example.net,1321,https://taylor.net/
bradley73,ghawkins@example.com,455,
dorisbarnes,ocollins@example.org,1776,
parkerbrian,staffordcrystal@example.com,4166,
andersonkatie,omartin@example.org,9402,http://www.andrews.net/
amymercer,anna30@example.com,839,
fosterangela,pattersonmelinda@example.org,6455,http://www.wells.info/
vsaunders,lauren72@example.org,2259,
hdavis,gbishop@example.net,8258,https://adams.com/
johnsontony,vhayden@example.org,1539,http://jackson.net/
daniel01,williamcalderon@example.net,419,https://www.johnston-johnson.com/
schaeferkimberly,johnsonmatthew@example.org,2614,http://anthony.com/
joshua94,millerangela@example.net,7705,https://www.cortez.com/
katrinaarroyo,wesleyadams@example.com,4527,
egarner,ericalvarez@example.net,9478,
ianderson,elijah88@example.net,9356,https://www.gibson.com/
stefaniebennett,shannon56@example.org,5726,
michelle42,clarkamanda@example.com,4708,
rjohnson,zolson@example.org,9983,https://www.baker.com/
carlos43,zcurry@example.org,7115,
